날짜,번호1,번호2,번호3,번호4,번호5,번호6,보너스
2025.02.08,21,25,27,32,37,38,20
2025.02.01,5,7,12,20,25,26,28
2025.01.25,30,31,34,39,41,45,7
2025.01.18,10,16,19,27,37,38,13
2025.01.11,4,8,22,26,32,38,27
2025.01.04,1,9,10,13,35,44,5
2024.12.28,30,31,32,35,36,37,5
2024.12.21,2,3,9,15,27,29,8
2024.12.14,8,9,18,35,39,45,25
2024.12.07,8,15,19,21,32,36,38
2024.11.30,3,6,13,15,16,22,32
2024.11.23,7,11,24,26,27,37,32
2024.11.16,6,11,17,19,40,43,28
2024.11.09,2,11,31,33,37,44,32
2024.11.02,3,4,12,15,26,34,6
2024.10.26,10,16,17,27,28,36,6
2024.10.19,2,8,28,30,37,41,22
2024.10.12,7,11,12,21,26,35,20
2024.10.05,7,10,22,29,31,38,15
2024.09.28,5,12,15,30,37,40,18
2024.09.21,14,16,19,20,29,34,35
2024.09.14,4,9,12,15,33,45,26
2024.09.07,21,33,35,38,42,44,1
2024.08.31,1,6,13,19,21,33,4
2024.08.24,3,7,9,13,19,24,23
2024.08.17,13,14,20,28,29,34,23
2024.08.10,6,7,19,28,34,41,5
2024.08.03,1,2,6,14,27,38,33
2024.07.27,15,19,21,25,27,28,40
2024.07.20,5,10,11,17,28,34,22
2024.07.13,1,5,8,16,28,33,45
2024.07.06,10,15,24,30,31,37,32
2024.06.29,4,5,9,11,37,40,7
2024.06.22,6,14,25,33,40,44,30
2024.06.15,3,8,17,30,33,34,28
2024.06.08,13,19,21,24,34,35,26
2024.06.01,3,6,21,30,34,35,22
2024.05.25,6,24,31,32,38,44,8
2024.05.18,2,19,26,31,38,41,34
2024.05.11,1,9,12,13,20,45,3
2024.05.04,11,13,14,15,16,45,3
2024.04.27,3,4,9,30,33,36,7
2024.04.20,15,16,17,25,30,31,32
2024.04.13,7,12,23,32,34,36,8
2024.04.06,10,16,19,32,33,38,3
2024.03.30,11,13,20,21,32,44,8
2024.03.23,16,20,26,36,42,44,24
2024.03.16,3,13,30,33,43,45,4
2024.03.09,3,7,11,20,22,41,24
2024.03.02,10,12,13,19,33,40,2
2024.02.24,7,19,26,37,39,44,27
2024.02.17,6,14,30,31,40,41,29
2024.02.10,1,3,4,29,42,45,36
2024.02.03,6,16,34,37,39,40,11
2024.01.27,1,7,21,30,35,38,2
2024.01.20,10,12,29,31,40,44,2
2024.01.13,13,14,22,26,37,38,20
2024.01.06,6,7,13,28,36,42,41
2023.12.30,17,26,29,30,31,43,12
2023.12.23,3,20,28,38,40,43,4
2023.12.16,12,16,21,24,41,43,15
2023.12.09,14,33,34,35,37,40,4
2023.12.02,1,12,16,19,23,43,34
2023.11.25,8,14,28,29,34,40,12
2023.11.18,6,7,15,22,26,40,41
2023.11.11,10,17,22,30,35,43,44
2023.11.04,7,18,19,26,33,45,37
2023.10.28,6,20,23,24,28,30,44
2023.10.21,12,19,21,29,40,45,1
2023.10.14,4,18,31,37,42,43,40
2023.10.07,11,21,22,30,39,44,31
2023.09.30,13,14,18,21,34,44,16
2023.09.23,11,16,25,27,35,36,37
2023.09.16,4,7,17,18,38,44,36
2023.09.09,8,12,13,29,33,42,5
2023.09.02,3,7,14,15,22,38,17
2023.08.26,21,26,27,32,34,42,31
2023.08.19,1,9,16,23,24,38,17
2023.08.12,13,16,23,31,36,44,38
2023.08.05,4,8,18,24,37,45,6
2023.07.29,6,10,11,14,36,38,43
2023.07.22,4,8,17,30,40,43,34
2023.07.15,3,7,9,33,36,37,10
2023.07.08,1,23,24,35,44,45,10
2023.07.01,1,6,20,27,28,41,15
2023.06.24,6,18,28,30,32,38,15
2023.06.17,16,18,20,23,32,43,27
2023.06.10,1,2,11,21,30,35,39
2023.06.03,3,6,14,22,30,41,36
2023.05.27,1,10,18,22,28,31,44
2023.05.20,4,7,19,26,33,35,3
2023.05.13,7,10,19,23,28,33,18
2023.05.06,6,11,16,19,21,32,45
2023.04.29,3,18,19,23,32,45,24
2023.04.22,3,6,9,18,22,35,14
2023.04.15,3,6,22,23,24,38,30
2023.04.08,20,31,32,40,41,45,12
2023.04.01,4,24,27,35,37,45,15
2023.03.25,3,10,24,33,38,45,36
2023.03.18,7,10,22,25,34,40,27
2023.03.11,11,23,25,30,32,40,42
2023.03.04,8,13,19,27,40,45,12
2023.02.25,13,20,24,32,36,45,29
2023.02.18,4,7,12,14,22,33,31
2023.02.11,14,19,27,28,30,45,33
2023.02.04,22,26,29,30,34,45,15
2023.01.28,5,17,26,27,35,38,1
2023.01.21,21,26,30,32,33,35,44
2023.01.14,6,12,31,35,38,43,17
2023.01.07,3,5,13,20,21,37,17
2022.12.31,6,12,17,21,32,39,30
2022.12.24,2,20,33,40,42,44,32
2022.12.17,7,16,25,29,35,36,28
2022.12.10,6,14,15,19,21,41,37
2022.12.03,12,17,20,26,28,36,4
2022.11.26,3,5,12,22,26,31,19
2022.11.19,5,14,15,23,34,43,4
2022.11.12,6,7,9,11,17,18,45
2022.11.05,8,16,26,29,31,36,11
2022.10.29,2,3,6,19,36,39,26
2022.10.22,7,16,24,27,37,44,2
2022.10.15,2,14,15,22,27,33,31
2022.10.08,2,5,22,32,34,45,39
2022.10.01,9,14,34,35,41,42,2
2022.09.24,26,31,32,33,38,40,11
2022.09.17,3,11,15,20,35,44,10
2022.09.10,1,6,12,19,36,42,28
2022.09.03,6,7,22,32,35,36,19
2022.08.27,2,5,11,17,24,29,9
2022.08.20,12,30,32,37,39,41,24
2022.08.13,5,7,12,13,18,35,23
2022.08.06,14,16,27,35,39,45,5
2022.07.30,5,12,13,31,32,41,34
2022.07.23,8,9,20,25,29,33,7
2022.07.16,9,18,20,22,38,44,10
2022.07.09,10,14,16,18,29,35,25
2022.07.02,5,6,11,29,42,45,28
2022.06.25,12,15,17,24,29,45,16
2022.06.18,12,27,29,38,41,45,6
2022.06.11,1,4,13,17,34,39,6
2022.06.04,3,19,21,25,37,45,35
2022.05.28,12,18,22,23,30,34,32
2022.05.21,15,26,28,34,41,42,44
2022.05.14,14,23,31,33,37,40,44
2022.05.07,3,11,14,18,26,27,21
2022.04.30,21,22,26,34,36,41,32
2022.04.23,5,11,18,20,35,45,3
2022.04.16,1,9,12,26,35,38,42
2022.04.09,9,12,15,25,34,36,3
2022.04.02,15,23,29,34,40,44,20
2022.03.26,9,11,30,31,41,44,33
2022.03.19,8,11,16,19,21,25,40
2022.03.12,8,11,15,16,17,37,36
2022.03.05,8,13,18,24,27,29,17
2022.02.26,7,15,30,37,39,44,18
2022.02.19,1,4,29,39,43,45,31
2022.02.12,17,25,33,35,38,45,15
2022.02.05,6,10,12,14,20,42,15
2022.01.29,2,8,19,22,32,42,39
2022.01.22,1,3,9,14,18,28,34
2022.01.15,13,17,18,20,42,45,41
2022.01.08,4,7,14,16,24,44,20
2022.01.01,6,11,15,24,32,39,28
2021.12.25,1,4,13,29,38,39,7
2021.12.18,1,3,8,24,27,35,28
2021.12.11,6,14,16,18,24,42,44
2021.12.04,12,20,26,33,44,45,24
2021.11.27,13,18,25,31,33,44,38
2021.11.20,2,4,25,26,36,37,28
2021.11.13,17,18,21,27,29,33,26
2021.11.06,2,13,20,30,31,41,27
2021.10.30,2,4,15,23,29,38,7
2021.10.23,7,10,16,28,41,42,40
2021.10.16,17,21,23,30,34,44,19
2021.10.09,3,10,23,35,36,37,18
2021.10.02,13,23,26,31,35,43,15
2021.09.25,5,7,13,20,21,44,33
2021.09.18,27,36,37,41,43,45,32
2021.09.11,3,13,16,23,24,35,14
2021.09.04,7,11,16,21,27,33,24
2021.08.28,1,7,15,32,34,42,8
2021.08.21,2,9,10,14,22,44,16
2021.08.14,4,12,14,25,35,37,2
2021.08.07,7,8,9,17,22,24,5
2021.07.31,1,2,11,16,39,44,32
2021.07.24,22,26,31,37,41,42,24
2021.07.17,3,6,17,23,37,39,26
2021.07.10,2,6,17,18,21,26,7
2021.07.03,9,11,16,21,28,36,5
2021.06.26,3,9,10,29,40,45,7
2021.06.19,2,5,12,14,24,39,33
2021.06.12,1,6,13,37,38,40,9
2021.06.05,1,21,25,29,34,37,36
2021.05.29,2,13,25,28,29,36,34
2021.05.22,6,21,36,38,39,43,30
2021.05.15,6,12,19,23,34,42,35
2021.05.08,1,18,28,31,34,43,40
2021.05.01,11,20,29,31,33,42,43
2021.04.24,2,18,24,30,32,45,14
2021.04.17,1,14,15,24,40,41,35
2021.04.10,2,9,10,16,35,37,1
2021.04.03,4,15,24,35,36,40,1
2021.03.27,10,11,20,21,25,41,40
2021.03.20,4,9,23,26,29,33,8
2021.03.13,1,9,26,28,30,41,32
2021.03.06,7,9,22,27,37,42,34
2021.02.27,4,12,22,24,33,41,38
2021.02.20,2,12,30,31,39,43,38
2021.02.13,3,4,15,22,28,40,10
2021.02.06,14,21,35,36,40,44,30
2021.01.30,13,18,30,31,38,41,5
2021.01.23,3,8,17,20,27,35,26
2021.01.16,9,18,19,30,34,40,20
2021.01.09,9,10,15,30,33,37,26
2021.01.02,2,13,16,19,32,33,42
2020.12.26,1,8,13,36,44,45,39
2020.12.19,10,12,18,35,42,43,39
2020.12.12,12,14,25,27,39,40,35
2020.12.05,3,15,20,22,24,41,11
2020.11.28,4,11,28,39,42,45,6
2020.11.21,4,8,10,16,31,36,9
2020.11.14,2,10,13,22,29,40,26
2020.11.07,7,11,13,17,18,29,43
2020.10.31,4,10,20,32,38,44,18
2020.10.24,1,3,30,33,36,39,12
2020.10.17,23,27,29,31,36,45,37
2020.10.10,1,6,15,36,37,38,5
2020.10.03,14,15,23,25,35,43,32
2020.09.26,8,21,25,38,39,44,28
2020.09.19,7,9,12,15,19,23,4
2020.09.12,3,4,10,20,28,44,30
2020.09.05,4,15,22,38,41,43,26
2020.08.29,10,16,18,20,25,31,6
2020.08.22,13,24,32,34,39,42,4
2020.08.15,3,11,34,42,43,44,13
2020.08.08,3,17,18,23,36,41,26
2020.08.01,2,6,13,17,27,43,36
2020.07.25,5,7,12,22,28,41,1
2020.07.18,2,3,26,33,34,43,29
2020.07.11,9,14,17,18,42,44,35
2020.07.04,7,11,12,31,33,38,5
2020.06.27,1,3,23,24,27,43,34
2020.06.20,6,21,22,32,35,36,17
2020.06.13,2,6,11,13,22,37,14
2020.06.06,16,19,24,33,42,44,27
2020.05.30,6,14,16,21,27,37,40
2020.05.23,5,8,18,21,22,38,10
2020.05.16,4,5,12,14,32,42,35
2020.05.09,1,11,17,27,35,39,31
2020.05.02,7,24,29,30,34,35,33
2020.04.25,3,16,21,22,23,44,30
2020.04.18,21,27,29,38,40,44,37
2020.04.11,2,5,14,28,31,32,20
2020.04.04,3,4,16,27,38,40,20
2020.03.28,2,6,8,26,43,45,11
2020.03.21,2,15,16,21,22,28,45
2020.03.14,7,19,23,24,36,39,30
2020.03.07,5,18,20,23,30,34,21
2020.02.29,7,13,16,18,35,38,14
2020.02.22,8,19,20,21,33,39,37
2020.02.15,18,21,28,35,37,42,17
2020.02.08,6,7,12,22,26,36,29
2020.02.01,5,12,25,26,38,45,23
2020.01.25,16,26,31,38,39,41,23
2020.01.18,19,32,37,40,41,43,45
2020.01.11,1,15,17,23,25,41,10
2020.01.04,4,9,17,18,26,42,36
2019.12.28,9,13,28,31,39,41,19
2019.12.21,1,4,14,18,29,37,6
2019.12.14,3,13,29,38,39,42,26
2019.12.07,3,7,12,31,34,38,32
2019.11.30,8,14,17,27,36,45,10
2019.11.23,19,23,28,37,42,45,2
2019.11.16,1,3,24,27,39,45,31
2019.11.09,4,14,23,28,37,45,17
2019.11.02,9,18,32,33,37,44,22
2019.10.26,18,34,39,43,44,45,23
2019.10.19,4,18,20,26,27,32,9
2019.10.12,7,17,19,23,24,45,38
2019.10.05,1,4,10,14,15,35,20
2019.09.28,2,6,11,16,25,31,3
2019.09.21,5,17,18,22,23,43,12
2019.09.14,5,16,21,26,34,42,24
2019.09.07,19,22,30,34,39,44,36
2019.08.31,1,15,19,23,28,42,32
2019.08.24,3,5,12,13,33,39,38
2019.08.17,2,4,30,32,33,43,29
2019.08.10,2,6,12,26,30,34,38
2019.08.03,21,25,30,32,40,42,31
2019.07.27,2,6,20,27,37,39,4
2019.07.20,12,17,28,41,43,44,25
2019.07.13,14,17,19,22,24,40,41
2019.07.06,9,15,29,34,37,39,12
2019.06.29,3,15,22,32,33,45,2
2019.06.22,3,7,10,13,25,36,32
2019.06.15,16,21,28,35,39,43,12
2019.06.08,10,34,38,40,42,43,32
2019.06.01,11,17,19,21,22,25,24
2019.05.25,4,8,18,25,27,32,42
2019.05.18,8,22,35,38,39,41,24
2019.05.11,9,13,32,38,39,43,23
2019.05.04,6,10,16,28,34,38,43
2019.04.27,10,24,40,41,43,44,17
2019.04.20,8,15,17,19,43,44,7
2019.04.13,20,25,31,32,36,43,3
2019.04.06,2,8,23,26,27,44,13
2019.03.30,11,17,28,30,33,35,9
2019.03.23,14,18,22,26,31,44,40
2019.03.16,16,20,24,28,36,39,5
2019.03.09,5,13,17,29,34,39,3
2019.03.02,1,2,16,22,38,39,34
2019.02.23,12,16,26,28,30,42,22
2019.02.16,5,18,30,41,43,45,13
2019.02.09,1,16,29,33,40,45,6
2019.02.02,7,8,13,15,33,45,18
2019.01.26,19,21,30,33,34,42,4
2019.01.19,14,26,32,36,39,42,38
2019.01.12,5,11,14,30,33,38,24
2019.01.05,2,4,11,28,29,43,27
2018.12.29,3,9,11,12,13,19,35
2018.12.22,9,14,17,33,36,38,20
2018.12.15,2,25,28,30,33,45,6
2018.12.08,1,9,11,14,26,28,19
2018.12.01,9,10,13,28,38,45,35
2018.11.24,6,8,18,35,42,43,3
2018.11.17,12,18,30,39,41,42,19
2018.11.10,13,14,19,26,40,43,30
2018.11.03,3,10,16,19,31,39,9
2018.10.27,5,6,16,18,37,38,17
2018.10.20,4,5,31,35,43,45,29
2018.10.13,4,7,13,29,31,39,18
2018.10.06,5,11,12,29,33,44,14
2018.09.29,13,16,24,25,33,36,42
2018.09.22,8,15,21,31,33,38,42
2018.09.15,7,9,24,29,34,38,26
2018.09.08,12,18,24,26,39,40,15
2018.09.01,9,18,20,24,27,36,12
2018.08.25,1,12,13,24,29,44,16
2018.08.18,10,21,22,30,35,42,6
2018.08.11,16,25,33,38,40,45,15
2018.08.04,14,15,25,28,29,30,3
2018.07.28,3,9,12,13,25,43,34
2018.07.21,12,18,19,29,31,39,7
2018.07.14,17,21,25,26,27,36,4
2018.07.07,2,21,28,38,42,45,30
2018.06.30,11,30,34,35,42,44,27
2018.06.23,1,3,12,14,16,43,10
2018.06.16,8,11,19,21,36,45,25
2018.06.09,5,10,13,21,39,43,11
2018.06.02,6,11,15,17,23,40,39
2018.05.26,15,21,31,32,41,43,24
2018.05.19,6,10,18,25,34,35,33
2018.05.12,14,20,23,31,37,38,27
2018.05.05,3,12,13,18,31,32,42
2018.04.28,1,10,13,26,32,36,9
2018.04.21,5,9,14,26,30,43,2
2018.04.14,10,11,12,18,24,42,27
2018.04.07,17,25,28,37,43,44,2
2018.03.31,1,4,10,12,28,45,26
2018.03.24,12,17,23,34,42,45,33
2018.03.17,2,10,14,22,32,36,41
2018.03.10,5,22,31,32,39,45,36
2018.03.03,1,21,26,36,40,41,5
2018.02.24,3,10,13,26,34,38,36
2018.02.17,6,7,18,19,30,38,13
2018.02.10,10,15,21,35,38,43,31
2018.02.03,2,7,19,25,29,36,16
2018.01.27,2,10,12,31,33,42,32
2018.01.20,3,8,19,27,30,41,12
2018.01.13,2,6,7,12,19,45,38
2018.01.06,2,10,11,19,35,39,29
2017.12.30,5,6,13,16,27,28,9
2017.12.23,12,15,16,20,24,30,38
2017.12.16,4,6,15,25,26,33,40
2017.12.09,3,10,23,24,31,39,22
2017.12.02,14,15,16,17,38,45,36
2017.11.25,6,18,31,34,38,45,20
2017.11.18,11,16,18,19,24,39,43
2017.11.11,15,17,19,21,27,45,16
2017.11.04,6,12,19,24,34,41,4
2017.10.28,6,21,35,36,37,41,11
2017.10.21,6,12,17,21,34,37,18
2017.10.14,8,9,18,21,28,40,20
2017.10.07,11,12,29,33,38,42,17
2017.09.30,12,15,18,28,34,42,9
2017.09.23,8,12,19,21,31,35,44
2017.09.16,5,6,11,14,21,41,32
2017.09.09,6,10,17,18,21,29,30
2017.09.02,1,9,12,23,39,43,34
2017.08.26,5,7,11,16,41,45,4
2017.08.19,7,27,29,30,38,44,4
2017.08.12,5,15,20,31,34,42,22
2017.08.05,9,30,34,35,39,41,21
2017.07.29,1,3,8,12,42,43,33
2017.07.22,7,22,24,31,34,36,15
2017.07.15,3,8,16,32,34,43,10
2017.07.08,1,3,12,21,26,41,16
2017.07.01,4,7,11,24,42,45,30
2017.06.24,10,22,27,31,42,43,12
2017.06.17,9,33,36,40,42,43,32
2017.06.10,5,9,12,30,39,43,24
2017.06.03,6,7,11,17,33,44,1
2017.05.27,10,14,16,18,27,28,4
2017.05.20,13,14,26,28,30,36,37
2017.05.13,2,8,17,24,29,31,32
2017.05.06,2,17,19,24,37,41,3
2017.04.29,4,16,20,33,40,43,7
2017.04.22,3,4,16,20,28,44,17
2017.04.15,1,2,15,19,24,36,12
2017.04.08,12,14,24,26,34,45,41
2017.04.01,3,10,13,22,31,32,29
2017.03.25,7,9,12,14,23,28,17
2017.03.18,3,12,33,36,42,45,25
2017.03.11,1,2,3,9,12,23,10
2017.03.04,10,15,18,21,34,41,43
2017.02.25,15,19,21,34,41,44,10
2017.02.18,8,10,13,36,37,40,6
2017.02.11,5,21,27,34,44,45,16
2017.02.04,4,8,9,16,17,19,31
2017.01.28,7,22,29,33,34,35,30
2017.01.21,23,27,28,38,42,43,36
2017.01.14,13,15,18,24,27,41,11
2017.01.07,2,11,17,18,21,27,6
2016.12.31,5,10,13,27,37,41,4
2016.12.24,6,16,37,38,41,45,18
2016.12.17,11,24,32,33,35,40,13
2016.12.10,2,4,5,17,27,32,43
2016.12.03,2,7,13,25,42,45,39
2016.11.26,4,10,14,15,18,22,39
2016.11.19,11,17,21,26,36,45,16
2016.11.12,3,6,10,30,34,37,36
2016.11.05,7,8,10,19,21,31,20
2016.10.29,1,11,21,23,34,44,24
2016.10.22,6,7,19,21,41,43,38
2016.10.15,2,8,33,35,37,41,14
2016.10.08,20,30,33,35,36,44,22
2016.10.01,12,14,21,30,39,43,45
2016.09.24,1,28,35,41,43,44,31
2016.09.17,1,12,29,34,36,37,41
2016.09.10,4,8,13,19,20,43,26
2016.09.03,4,11,20,23,32,39,40
2016.08.27,2,11,19,25,28,32,44
2016.08.20,2,6,13,16,29,30,21
2016.08.13,2,7,27,33,41,44,10
2016.08.06,1,7,22,33,37,40,20
2016.07.30,2,5,15,18,19,23,44
2016.07.23,17,20,30,31,33,45,19
2016.07.16,11,15,24,35,37,45,42
2016.07.09,3,4,9,24,25,33,10
2016.07.02,10,18,30,36,39,44,32
2016.06.25,2,10,16,19,34,45,1
2016.06.18,2,12,19,24,39,44,35
2016.06.11,3,4,6,10,28,30,37
2016.06.04,1,6,17,22,28,45,23
2016.05.28,1,4,8,23,33,42,45
2016.05.21,10,28,31,33,41,44,21
2016.05.14,3,13,16,24,26,29,9
2016.05.07,3,10,14,16,36,38,35
2016.04.30,11,23,28,29,30,44,13
2016.04.23,4,5,8,16,21,29,3
2016.04.16,3,11,13,21,33,37,18
2016.04.09,2,5,8,11,33,39,31
2016.04.02,1,7,16,18,34,38,21
2016.03.26,4,18,26,33,34,38,14
2016.03.19,7,15,20,25,33,43,12
2016.03.12,1,6,11,28,34,42,30
2016.03.05,3,11,14,15,32,36,44
2016.02.27,15,27,33,35,43,45,16
2016.02.20,24,25,33,34,38,39,43
2016.02.13,7,17,19,30,36,38,34
2016.02.06,5,15,22,23,34,35,2
2016.01.30,1,8,10,13,28,42,45
2016.01.23,7,12,15,24,25,43,13
2016.01.16,6,7,12,28,38,40,18
2016.01.09,1,11,15,17,25,39,40
2016.01.02,6,13,20,27,28,40,15
2015.12.26,17,23,27,35,38,43,2
2015.12.19,21,24,27,29,43,44,7
2015.12.12,4,10,19,29,32,42,30
2015.12.05,3,5,7,14,26,34,35
2015.11.28,4,5,6,12,25,37,45
2015.11.21,12,15,24,36,41,44,42
2015.11.14,1,8,17,34,39,45,27
2015.11.07,1,8,11,15,18,45,7
2015.10.31,9,10,14,25,27,31,11
2015.10.24,7,10,17,29,33,44,5
2015.10.17,8,21,28,31,36,45,43
2015.10.10,7,9,10,13,31,35,24
2015.10.03,11,18,26,27,40,41,25
2015.09.26,7,8,20,29,33,38,9
2015.09.19,12,14,15,24,27,32,3
2015.09.12,15,17,25,37,42,43,13
2015.09.05,2,4,6,11,17,28,16
2015.08.29,5,6,11,17,38,44,13
2015.08.22,10,20,33,36,41,44,5
2015.08.15,3,5,8,19,38,42,20
2015.08.08,5,6,9,11,15,37,26
2015.08.01,2,3,12,20,27,38,40
2015.07.25,4,9,23,33,39,44,14
2015.07.18,7,18,19,27,29,42,45
2015.07.11,8,19,25,28,32,36,37
2015.07.04,10,14,19,39,40,43,23
2015.06.27,3,7,14,16,31,40,39
2015.06.20,7,37,38,39,40,44,18
2015.06.13,16,21,26,31,36,43,6
2015.06.06,5,6,26,27,38,39,1
2015.05.30,3,13,15,40,41,44,20
2015.05.23,11,12,16,26,29,44,18
2015.05.16,3,4,7,11,31,41,35
2015.05.09,3,21,22,33,41,42,20
2015.05.02,13,19,28,37,38,43,4
2015.04.25,5,16,21,23,24,30,29
2015.04.18,2,9,24,41,43,45,30
2015.04.11,1,4,16,26,40,41,31
2015.04.04,5,13,17,23,28,36,8
2015.03.28,15,24,31,32,33,40,13
2015.03.21,8,17,18,24,39,45,32
2015.03.14,11,18,21,36,37,43,12
2015.03.07,14,15,18,21,26,35,23
2015.02.28,6,15,22,23,25,32,40
2015.02.21,7,18,22,24,31,34,6
2015.02.14,3,16,22,37,38,44,23
2015.02.07,6,7,15,16,20,31,26
2015.01.31,11,13,25,26,29,33,32
2015.01.24,4,10,11,12,20,27,38
2015.01.17,9,12,19,20,39,41,13
2015.01.10,15,18,21,32,35,44,6
2015.01.03,1,2,4,23,31,34,8
2014.12.27,8,17,21,24,27,31,15
2014.12.20,19,28,31,38,43,44,1
2014.12.13,1,7,12,15,23,42,11
2014.12.06,2,9,22,25,31,45,12
2014.11.29,13,14,26,33,40,43,15
2014.11.22,3,6,7,20,21,39,13
2014.11.15,1,7,19,26,27,35,16
2014.11.08,7,13,30,39,41,45,25
2014.11.01,9,15,16,21,28,34,24
2014.10.25,1,2,6,16,19,42,9
2014.10.18,2,16,17,32,39,45,40
2014.10.11,6,8,13,30,35,40,21
2014.10.04,8,16,25,30,42,43,15
2014.09.27,4,5,11,12,24,27,28
2014.09.20,5,13,18,23,40,45,3
2014.09.13,10,17,18,19,23,27,35
2014.09.06,8,21,25,39,40,44,18
2014.08.30,7,8,11,16,41,44,35
2014.08.23,6,9,18,19,25,33,40
2014.08.16,2,22,27,33,36,37,14
2014.08.09,14,18,20,23,28,36,33
2014.08.02,4,8,27,34,39,40,13
2014.07.26,4,8,18,19,39,44,41
2014.07.19,8,14,23,36,38,39,13
2014.07.12,1,5,6,14,20,39,22
2014.07.05,1,2,7,9,10,38,42
2014.06.28,2,6,18,21,33,34,30
2014.06.21,2,19,25,26,27,43,28
2014.06.14,13,14,22,27,30,38,2
2014.06.07,2,16,19,31,34,35,37